INSERT INTO DEPARTAMENTO(id, name) VALUES (1,'DESENVOLVIMENTO');
INSERT INTO DEPARTAMENTO(id, name) VALUES (2,'TESTES');
INSERT INTO DEPARTAMENTO(id, name) VALUES (3,'ANALISE');
INSERT INTO DEPARTAMENTO(id, name) VALUES (4,'ENGENHARIA');

INSERT INTO CARGO(id, name) VALUES (1, 'ENGENHEIRO');
INSERT INTO CARGO(id, name) VALUES (2, 'GERENTE_DEPARTAMENTAL' );
INSERT INTO CARGO(id, name) VALUES (3, 'DESENVOLVEDOR');
INSERT INTO CARGO(id, name) VALUES (4, 'PO');


INSERT INTO FUNCIONARIO(id, age, birth_day, document, name, cargo_id, departamentos_id ) VALUES (1, 38, '1987-10-10 01:00:00', '12.321.123-65', 'Carlos abrantes', 1 ,1 );
INSERT INTO FUNCIONARIO(id, age, birth_day, document, name, cargo_id, departamentos_id) VALUES (2, 27, '1989-01-01 01:00:00', '18.654.655-05', 'Carolina Fernan', 1,1 );
INSERT INTO FUNCIONARIO(id, age, birth_day, document, name, cargo_id, departamentos_id) VALUES (3, 25, '1981-02-08 00:00:00', '22.921.987-15', 'Joao Principal', 3,1 );
INSERT INTO FUNCIONARIO(id, age, birth_day, document, name, cargo_id, departamentos_id ) VALUES (4, 19, '1999-04-11 00:00:00', '55.928.658-32', 'Natalia Berue',4,1 );
INSERT INTO FUNCIONARIO(id, age, birth_day, document, name, cargo_id, departamentos_id ) VALUES (5, 38, '1987-10-10 01:00:00', '12.321.123-65', 'Fernanda abrantes', 1,1 );
INSERT INTO FUNCIONARIO(id, age, birth_day, document, name, cargo_id, departamentos_id) VALUES (6, 27, '1989-01-01 01:00:00', '18.654.655-05', 'Amadeu Fernan', 1,2 );
INSERT INTO FUNCIONARIO(id, age, birth_day, document, name, cargo_id, departamentos_id ) VALUES (7, 25, '1981-02-08 00:00:00', '22.921.987-15', 'Paulo Principal', 2,2 );
INSERT INTO FUNCIONARIO(id, age, birth_day, document, name, cargo_id, departamentos_id ) VALUES (8, 19, '1999-04-11 00:00:00', '55.928.658-32', 'Carlos Berue',2,2 );
INSERT INTO FUNCIONARIO(id, age, birth_day, document, name, cargo_id, departamentos_id ) VALUES (9, 38, '1987-10-10 01:00:00', '12.321.123-65', 'Regis abrantes', 1,2 );
INSERT INTO FUNCIONARIO(id, age, birth_day, document, name, cargo_id, departamentos_id) VALUES (10, 27, '1989-01-01 01:00:00', '18.654.655-05', 'ZigBoba Fernan', 1,3 );
INSERT INTO FUNCIONARIO(id, age, birth_day, document, name, cargo_id, departamentos_id ) VALUES (11, 25, '1981-02-08 00:00:00', '22.921.987-15', 'Thiago Principal', 2,3 );
INSERT INTO FUNCIONARIO(id, age, birth_day, document, name, cargo_id, departamentos_id) VALUES (12, 19, '1999-04-11 00:00:00', '55.928.658-32', 'Pedro Berue',2,3 );
INSERT INTO FUNCIONARIO(id, age, birth_day, document, name, cargo_id,departamentos_id ) VALUES (13, 38, '1987-10-10 01:00:00', '12.321.123-65', 'Natanael abrantes', 1,3 );
INSERT INTO FUNCIONARIO(id, age, birth_day, document, name, cargo_id, departamentos_id) VALUES (14, 27, '1989-01-01 01:00:00', '18.654.655-05', 'Lucas Fernan', 1,4 );
INSERT INTO FUNCIONARIO(id, age, birth_day, document, name, cargo_id, departamentos_id ) VALUES (15, 25, '1981-02-08 00:00:00', '22.921.987-15', 'Hernane Principal', 2,4 );
INSERT INTO FUNCIONARIO(id, age, birth_day, document, name, cargo_id, departamentos_id ) VALUES (16, 19, '1999-04-11 00:00:00', '55.928.658-32', 'Antonio Berue',2,4 );








